{
  "contentKey": "MCM2D4HLKZWFFZJNGK5KLH25U3TU",
  "urlName": "homeowners-renters-and-pet-health-insurance-built-for-the-21st-century",
  "type": "news",
  "body": {
    "bannerImage": {
      "ref": "MCCGLPIYC2AZHRDLAHIUIIIWCZRI"
    },
    "title": "Homeowners, renters and pet health insurance built for the 21st century",
    "body": "\u003cp\u003eAzinsurances amazing coverage protects the stuff you own at home and everywhere else.\u003c/p\u003e",
    "excerpt": "Azinsurances amazing coverage protects the stuff you own at home and everywhere else."
  }
}