{
  "contentKey": "MCONZ6YHHUXFEWNA5Q7VEAZOIX7A",
  "urlName": "how-do-car-deductibles-work",
  "type": "cms_blogpost",
  "body": {
    "blogImage": {
      "ref": "MCILFJ4IUVZFFBXMDC64SVUGY3H4"
    },
    "title": "How do car deductibles work?",
    "blogExcerpt": "What is a deductible? It\u0027s one of the most common car insurance questions and may be easiest to answer.",
    "blogImageAltText": "Modern house",
    "blogBody": "What is a deductible? It\u0027s one of the most common car insurance questions and may be the easiest to answer: An auto insurance deductible is what you pay “out of pocket” on a claim. For instance, if you have a $500 deductible and $3,000 in damage from a covered accident, your insurer would pay $2,500 to repair your car. You\u0027re responsible for the remaining $500.\n\nUnlike health insurance, there are no annual deductibles to meet when it comes to auto insurance. You\u0027re responsible for your policy\u0027s stated deductible each time you file a claim. For example, if you total your car, your insurer will give you a payment for the vehicle\u0027s current value, minus your deductible. If your car is worth $35,000 and your deductible is $1,000, your insurer will pay you $34,000.\n\nOn the other hand, if the damage to your vehicle amounts to $800, and your deductible is $1,000, then your insurer will pay nothing, as they only cover damages above your deductible.\n\nComprehensive and collision are the two most common coverages that include deductibles. You may also have a deductible for personal injury protection or uninsured/underinsured motorist property damage in some states. Deductibles work exactly the same for all coverages."
  }
}