{
  "contentKey": "MCMRRZXHYXCJHGBE5M22BBDWWIXM",
  "urlName": "life-happens-file-a-claim-today",
  "type": "cms_carouselimage",
  "body": {
    "bannerImage": {
      "ref": "MC7ZJV3OR23VHKXOBIY6NKKANITE"
    },
    "buttonNavigationType1": "standard__webPage",
    "buttonLabel2": "Learn more",
    "buttonVariant1": "brand",
    "buttonNavigationType2": "comm_namedPage",
    "buttonVariant2": "neutral",
    "buttonLabel1": "File a Claim",
    "buttonUrl2": "Blog__c",
    "buttonUrl1": "../customer",
    "title": "Life happens, File a claim today",
    "excerpt": "We\u0027ll help you get a refund as quickly as possible. $$$"
  }
}