{
  "contentKey": "MCG3GUULQWSBDR3N65F7YXBTJACM",
  "urlName": "the-a-z-insurance-that-has-your-back",
  "type": "cms_carouselimage",
  "body": {
    "bannerImage": {
      "ref": "MCPHGVCIAXV5GMJJTLP2QUO4DH2Y"
    },
    "buttonNavigationType1": "comm__namedPage",
    "buttonVariant1": "brand",
    "buttonLabel1": "Get a quote",
    "buttonUrl1": "Get_a_Quote__c",
    "title": "The A-Z insurance that has your back",
    "excerpt": "Instant savings. 24/7 Assistance. We have everything you need."
  }
}